index,created_at,update_at,name,project_id,user_id,date_start,id,date_end,detail,color,status,create_by,update_by,date_complete,parent_id,date_checked,area,is_interrupted,list_interrupted,date_started,date_accepted,is_onlychecked,folder,file_attach
0,2026-04-24 07:09:30.428981+00,2026-04-24 07:09:30.428981+00,MAC : L2-5,8fd2a544-5521-42e9-8471-4f8de800ce06,8f4db68c-dbcf-4c2f-8e0c-7fa8c79a74ff,2026-04-24 07:09:00+00,7dd429ee-5132-44c7-8abd-3139b9fe37dc,2026-04-24 10:30:00+00,,#7C2D12,6,cuong.pham@rincovitch.com.au,cuong.pham@rincovitch.com.au,0001-01-01 00:00:00+00,,0001-01-01 00:00:00+00,0,FALSE,,2026-04-24 07:08:21.713356+00,0001-01-01 00:00:00+00,FALSE,,[]
0,2026-04-24 05:04:56.488015+00,2026-04-24 05:04:56.488015+00,570LB : MARKUP R1,fbac4978-0011-4309-be87-1fed2423d4a3,1c801c6a-3acb-456e-a579-ce08509fc3df,2026-04-24 05:04:00+00,3a4d8cd9-8d40-4cd8-b020-3f2462552c8f,2026-04-24 10:30:00+00,,#7A2E0E,0,nhan.nguyen@rincovitch.com.au,nhan.nguyen@rincovitch.com.au,2026-04-24 05:30:23.309727+00,,2026-04-24 05:30:34.038103+00,0,FALSE,,2026-04-24 05:30:28.204558+00,0001-01-01 00:00:00+00,FALSE,_GA PLAN,"[{""Name"":""260424_570LB-GA&SECTION 1.pdf"",""Id"":""37611c90-8f1f-4336-b99f-161d5f540e47.pdf""}]"
0,2026-04-24 04:59:00.01986+00,2026-04-24 04:59:00.01986+00,MORAY : L12-24,cf316b36-b544-46b3-87f5-caf4bf7302ed,c1d7b6b5-c453-4a79-a0af-1b286637eec5,2026-04-24 04:58:00+00,16cd6044-b0a5-4f8d-8608-7595976c3335,2026-04-24 05:30:00+00,,#1E40AF,6,cuong.pham@rincovitch.com.au,cuong.pham@rincovitch.com.au,0001-01-01 00:00:00+00,,0001-01-01 00:00:00+00,0,FALSE,,2026-04-24 05:04:36.91255+00,2026-04-24 04:54:02.928629+00,FALSE,,[]
0,2026-04-24 04:50:37.089001+00,2026-04-24 04:50:37.089001+00,MORAY : L12-24,cf316b36-b544-46b3-87f5-caf4bf7302ed,8f4db68c-dbcf-4c2f-8e0c-7fa8c79a74ff,2026-04-24 04:50:00+00,8c8d84ec-5885-4602-9e67-78590c2057ed,2026-04-24 05:30:00+00,,#1E40AF,0,cuong.pham@rincovitch.com.au,cuong.pham@rincovitch.com.au,2026-04-24 07:21:25.886777+00,,2026-04-24 07:11:23.254147+00,0,FALSE,,2026-04-24 04:49:07.384317+00,0001-01-01 00:00:00+00,FALSE,,[]
0,2026-04-24 04:24:40.138686+00,2026-04-24 04:24:40.138686+00,MEL02 : GF L2 L4,9ea343db-e42b-4a99-bd01-ce1ab0158771,1c801c6a-3acb-456e-a579-ce08509fc3df,2026-04-24 04:24:00+00,98bd88e1-a65e-48ba-813f-88fc4ae4694e,2026-04-24 10:30:00+00,,#1E3A8A,6,nhan.nguyen@rincovitch.com.au,nhan.nguyen@rincovitch.com.au,0001-01-01 00:00:00+00,,0001-01-01 00:00:00+00,0,FALSE,,2026-04-24 05:31:12.802304+00,0001-01-01 00:00:00+00,FALSE,_LOADING PLAN,"[{""Name"":""260422_MEL02-GF,L2,L4-LOADING PLAN.pdf"",""Id"":""d5f29301-f8d4-4059-bac5-6602ba746a3e.pdf""}]"
0,2026-04-24 04:19:03.707459+00,2026-04-24 04:19:03.707459+00,LEEDS : L3-SHEAR,c66187a1-a97f-4b2f-ba60-aae11cb3d8f6,c1d7b6b5-c453-4a79-a0af-1b286637eec5,2026-04-24 04:18:00+00,e69e0fa4-2f32-4d6a-9978-be11172be056,2026-04-24 05:30:00+00,,#0F766E,0,cuong.pham@rincovitch.com.au,cuong.pham@rincovitch.com.au,2026-04-24 06:45:23.432138+00,,2026-04-24 04:58:51.011273+00,0,FALSE,,2026-04-24 04:14:58.761116+00,2026-04-24 04:14:56.885639+00,FALSE,,[]
0,2026-04-24 04:01:49.955949+00,2026-04-24 04:01:49.955949+00,MORAY : L12-24,cf316b36-b544-46b3-87f5-caf4bf7302ed,dd9f64e9-dc7f-493e-b3e1-9a6de209c4c6,2026-04-24 04:01:00+00,6f4b612f-6904-4e76-8910-b6794be76ad2,2026-04-24 05:30:00+00,,#1E40AF,0,cuong.pham@rincovitch.com.au,cuong.pham@rincovitch.com.au,2026-04-24 07:21:25.337117+00,,2026-04-24 07:17:00.137155+00,0,FALSE,,2026-04-24 03:59:12.361884+00,0001-01-01 00:00:00+00,FALSE,,[]
0,2026-04-24 02:10:26.987105+00,2026-04-24 02:10:26.987105+00,LEEDS : L3-CD,c66187a1-a97f-4b2f-ba60-aae11cb3d8f6,3b6de76e-c05c-48d4-8b66-683d9340609b,2026-04-24 02:09:00+00,83125a75-dd0a-43f6-8277-b6fc03326b7f,2026-04-24 05:30:00+00,,#0F766E,0,cuong.pham@rincovitch.com.au,cuong.pham@rincovitch.com.au,2026-04-24 06:45:21.283469+00,,2026-04-24 04:25:26.592833+00,0,FALSE,,2026-04-24 02:09:51.303335+00,0001-01-01 00:00:00+00,FALSE,,[]
0,2026-04-24 01:46:24.563102+00,2026-04-24 01:46:24.563102+00,MEL02 : L4 A,9ea343db-e42b-4a99-bd01-ce1ab0158771,8e428aeb-3ef8-4303-aba2-0cb6c1148ff6,2026-04-24 01:46:00+00,0fb42dc1-52f3-4cf2-86ba-4e4797ef7dcf,2026-04-24 05:30:00+00,,#1E3A8A,6,cuong.pham@rincovitch.com.au,cuong.pham@rincovitch.com.au,0001-01-01 00:00:00+00,,0001-01-01 00:00:00+00,0,FALSE,,2026-04-24 01:44:51.404779+00,0001-01-01 00:00:00+00,FALSE,,[]
0,2026-04-24 01:43:15.582074+00,2026-04-24 01:43:15.582074+00,LEEDS : L4-TOP-CD,c66187a1-a97f-4b2f-ba60-aae11cb3d8f6,dd9f64e9-dc7f-493e-b3e1-9a6de209c4c6,2026-04-24 01:43:00+00,b2fb5ddc-3579-4379-9d41-09cb3945152b,2026-04-24 05:30:00+00,,#0F766E,0,cuong.pham@rincovitch.com.au,cuong.pham@rincovitch.com.au,2026-04-24 04:01:34.26596+00,,2026-04-24 03:57:40.457553+00,0,FALSE,,2026-04-24 01:39:31.82179+00,0001-01-01 00:00:00+00,FALSE,,[]
0,2026-04-24 01:42:57.715961+00,2026-04-24 01:42:57.715961+00,LEEDS : L4-TOP,c66187a1-a97f-4b2f-ba60-aae11cb3d8f6,c1d7b6b5-c453-4a79-a0af-1b286637eec5,2026-04-24 01:42:00+00,3b5ed3c7-bf92-4546-87c6-2ebba8a31d78,2026-04-24 05:30:00+00,,#0F766E,0,cuong.pham@rincovitch.com.au,cuong.pham@rincovitch.com.au,2026-04-24 06:45:20.726543+00,,2026-04-24 04:58:49.597196+00,0,FALSE,,2026-04-24 01:38:56.478414+00,2026-04-24 01:38:54.846565+00,FALSE,,[]
0,2026-04-24 01:42:02.732299+00,2026-04-24 01:42:02.732299+00,MAC : L2-5-PT,8fd2a544-5521-42e9-8471-4f8de800ce06,8f4db68c-dbcf-4c2f-8e0c-7fa8c79a74ff,2026-04-24 01:41:00+00,2ca52cc2-61bb-4b3e-9cfc-ffd4488a54dc,2026-04-24 05:30:00+00,,#7C2D12,0,cuong.pham@rincovitch.com.au,cuong.pham@rincovitch.com.au,2026-04-24 04:50:22.237155+00,,2026-04-24 04:18:53.19933+00,0,FALSE,,2026-04-24 01:40:25.822414+00,0001-01-01 00:00:00+00,FALSE,,[]
0,2026-04-24 01:27:18.022691+00,2026-04-24 01:27:18.022691+00,570LB : ISSUE,fbac4978-0011-4309-be87-1fed2423d4a3,1c801c6a-3acb-456e-a579-ce08509fc3df,2026-04-24 01:26:00+00,2aa8de1b-db4c-4b90-9a11-6dd599607e02,2026-04-24 05:30:00+00,,#7A2E0E,0,nhan.nguyen@rincovitch.com.au,nhan.nguyen@rincovitch.com.au,2026-04-24 03:27:37.06056+00,,2026-04-24 03:23:28.634888+00,0,FALSE,,2026-04-24 03:23:18.069339+00,0001-01-01 00:00:00+00,FALSE,_GA PLAN,"[{""Name"":""260424_570LB-GA&SECTION.pdf"",""Id"":""311c4d03-3025-4dcd-9ca6-cdc9b12ea70a.pdf""}]"
0,2026-04-23 08:15:20.499041+00,2026-04-23 08:15:20.499041+00,SURF PARADE : MARKUP_,9a7aa637-89cb-4036-9acd-e013f470ab9b,d1e88f46-5b9b-4c5a-8887-fec75e8661ba,2026-04-23 08:03:00+00,e9466efe-40e4-4ace-bdcb-c2964ee139f3,2026-04-23 10:30:00+00,#NAME?,#075985,4,nguyen.ly@rincovitch.com.au,nguyen.ly@rincovitch.com.au,0001-01-01 00:00:00+00,ca1bd371-6841-4dfc-962c-cb10f7c9eaba,2026-04-24 05:01:20.997309+00,0,FALSE,,2026-04-23 08:44:08.106029+00,2026-04-23 08:09:55.043529+00,TRUE,_GA PLAN,[]
0,2026-04-23 08:13:24.366935+00,2026-04-23 08:13:24.366935+00,SURF PARADE : MARKUP_,9a7aa637-89cb-4036-9acd-e013f470ab9b,3ccdf3ed-d6d3-4755-a355-1eaf6689848b,2026-04-23 08:03:00+00,81905b49-62e7-4271-987a-91dc3c9b9e68,2026-04-23 11:00:00+00,,#075985,4,nguyen.ly@rincovitch.com.au,nguyen.ly@rincovitch.com.au,0001-01-01 00:00:00+00,ca1bd371-6841-4dfc-962c-cb10f7c9eaba,2026-04-24 03:31:17.368234+00,0,FALSE,,2026-04-23 08:15:34.425524+00,2026-04-23 08:06:36.461051+00,TRUE,_GA PLAN,"[{""Name"":""260424_7-9 SURF_GA PLAN + SECTION.pdf"",""Id"":""f49a46f2-4ca9-42dd-85a3-985b31d340da.pdf""}]"
0,2026-04-23 08:13:04.069394+00,2026-04-23 08:13:04.069394+00,SURF PARADE : MARKUP_,9a7aa637-89cb-4036-9acd-e013f470ab9b,cc23943c-4f29-43b9-bd43-1b0bedd72fd8,2026-04-23 08:03:00+00,7b1395ee-7b94-49e7-9cce-f6cabdb0402b,2026-04-23 10:30:00+00,,#075985,4,nguyen.ly@rincovitch.com.au,nguyen.ly@rincovitch.com.au,0001-01-01 00:00:00+00,ca1bd371-6841-4dfc-962c-cb10f7c9eaba,2026-04-23 08:50:37.755294+00,0,FALSE,,2026-04-23 08:50:34.445835+00,2026-04-23 08:50:11.468168+00,TRUE,_GA PLAN,"[{""Name"":""12011 - [S5102] - [WALL ELEVATIONS - SHEET 2] - REV 2.pdf"",""Id"":""eff864c3-6b80-4025-8ff6-9a1fd7bcc97c.pdf""},{""Name"":""12011 - [S5101] - [WALL ELEVATIONS - SHEET 1] - REV 2.pdf"",""Id"":""25f74f5e-f89d-43dd-97d0-1160d77c3445.pdf""},{""Name"":""260421_SUR PDE-GA PLANS_RFI (1).pdf"",""Id"":""c4cc5c4f-9e02-43d3-a981-cb2548803a88.pdf""}]"
0,2026-04-23 08:03:47.749002+00,2026-04-23 08:03:47.749002+00,SURF PARADE : MARKUP,9a7aa637-89cb-4036-9acd-e013f470ab9b,cc23943c-4f29-43b9-bd43-1b0bedd72fd8,2026-04-23 08:03:00+00,ca1bd371-6841-4dfc-962c-cb10f7c9eaba,2026-04-23 10:30:00+00,,#075985,7,nhan.nguyen@rincovitch.com.au,nhan.nguyen@rincovitch.com.au,0001-01-01 00:00:00+00,,0001-01-01 00:00:00+00,0,FALSE,,0001-01-01 00:00:00+00,2026-04-23 08:07:33.774938+00,FALSE,_GA PLAN,"[{""Name"":""12011 - [S5102] - [WALL ELEVATIONS - SHEET 2] - REV 2.pdf"",""Id"":""eff864c3-6b80-4025-8ff6-9a1fd7bcc97c.pdf""},{""Name"":""12011 - [S5101] - [WALL ELEVATIONS - SHEET 1] - REV 2.pdf"",""Id"":""25f74f5e-f89d-43dd-97d0-1160d77c3445.pdf""},{""Name"":""260421_SUR PDE-GA PLANS_RFI (1).pdf"",""Id"":""c4cc5c4f-9e02-43d3-a981-cb2548803a88.pdf""}]"
0,2026-04-23 08:00:55.039634+00,2026-04-23 08:00:55.039634+00,LEEDS : L3-REO,c66187a1-a97f-4b2f-ba60-aae11cb3d8f6,3b6de76e-c05c-48d4-8b66-683d9340609b,2026-04-23 08:00:00+00,bfebb554-de18-4fa9-aa31-e501b16fca52,2026-04-23 10:30:00+00,,#0F766E,0,cuong.pham@rincovitch.com.au,cuong.pham@rincovitch.com.au,2026-04-23 11:37:37.026501+00,,2026-04-23 10:21:48.96098+00,0,FALSE,,2026-04-23 08:01:45.074429+00,0001-01-01 00:00:00+00,FALSE,,[]
0,2026-04-23 05:26:10.936981+00,2026-04-23 05:26:10.936981+00,SYD01 : FOUNDATION,bf72b984-9a56-4ffe-9723-0dbc0702e6c2,1c801c6a-3acb-456e-a579-ce08509fc3df,2026-04-23 05:25:00+00,546f9c1e-93e5-4807-858f-3e4f1db87932,2026-04-23 10:30:00+00,,#008000,0,nhan.nguyen@rincovitch.com.au,nhan.nguyen@rincovitch.com.au,2026-04-23 07:50:10.576867+00,,2026-04-23 07:29:32.913262+00,0,FALSE,,2026-04-23 07:07:07.222794+00,0001-01-01 00:00:00+00,FALSE,_LOADING PLAN,"[{""Name"":""260423_SYD01-FOUNDATION PLAN.pdf"",""Id"":""7da00a34-ab35-44d9-95fc-f02a69a157d4.pdf""}]"
0,2026-04-23 05:09:44.89755+00,2026-04-23 05:09:44.89755+00,MEL03 : MARKUP,65799e7b-60a6-4e26-8b8b-9c65450a659f,1c801c6a-3acb-456e-a579-ce08509fc3df,2026-04-23 04:55:00+00,b135e020-8470-4293-8566-79b11628c537,2026-04-23 10:30:00+00,,#FF0080,0,nhan.nguyen@rincovitch.com.au,nhan.nguyen@rincovitch.com.au,2026-04-23 05:21:04.454179+00,,2026-04-23 05:21:55.527039+00,0,FALSE,,2026-04-23 05:14:04.825077+00,0001-01-01 00:00:00+00,FALSE,_LOADING PLAN,"[{""Name"":""Pages from 20260422_MEL03 Combined Drawings BM comments.pdf"",""Id"":""a8815a86-97a8-46dd-8b8d-fa7ce687171f.pdf""}]"
0,2026-04-23 02:41:02.675033+00,2026-04-23 02:41:02.675034+00,MAC : L2-5,8fd2a544-5521-42e9-8471-4f8de800ce06,8f4db68c-dbcf-4c2f-8e0c-7fa8c79a74ff,2026-04-23 02:40:00+00,2a7dbd14-82d6-4c3f-ba3c-0d8f45d427f3,2026-04-23 05:30:00+00,,#7C2D12,0,cuong.pham@rincovitch.com.au,cuong.pham@rincovitch.com.au,2026-04-23 11:37:38.074656+00,,2026-04-23 09:43:02.798976+00,0,FALSE,,2026-04-23 02:44:27.082535+00,0001-01-01 00:00:00+00,FALSE,,[]
0,2026-04-23 02:28:17.587085+00,2026-04-23 02:28:17.587085+00,580LD : L12 TO RF _,49b1689e-3f4a-4d6c-86a3-ed854b1de706,e5feabe4-bee1-4f40-9b79-5598ab2e7fc4,2026-04-23 02:13:00+00,7e09fa2b-b806-4687-96e3-315a45fd23a4,2026-04-23 10:30:00+00,,#FF0080,0,nguyen.ly@rincovitch.com.au,nguyen.ly@rincovitch.com.au,2026-04-24 02:26:15.597353+00,9c8f85da-11c0-4a42-9f0d-999e932b1873,2026-04-23 06:45:31.623209+00,0,FALSE,,2026-04-23 02:43:47.885015+00,2026-04-23 02:43:45.585211+00,TRUE,_GA PLAN,"[{""Name"":""260423_580 LONSDALE-GA PLANS.pdf"",""Id"":""442f0976-e6b7-42d1-9f64-73533006456c.pdf""}]"
0,2026-04-23 02:27:54.150972+00,2026-04-23 02:27:54.150972+00,580LD : L12 TO RF _,49b1689e-3f4a-4d6c-86a3-ed854b1de706,3ccdf3ed-d6d3-4755-a355-1eaf6689848b,2026-04-23 02:13:00+00,f0372a91-fab0-463a-8666-a89032be230a,2026-04-23 10:30:00+00,,#FF0080,0,nguyen.ly@rincovitch.com.au,nguyen.ly@rincovitch.com.au,2026-04-23 08:05:52.513674+00,9c8f85da-11c0-4a42-9f0d-999e932b1873,2026-04-23 03:47:23.971076+00,0,FALSE,,2026-04-23 02:29:52.012699+00,2026-04-23 02:27:06.735857+00,TRUE,_GA PLAN,"[{""Name"":""260423_580 LONSDALE_L13-RF_GA PLAN_FR SLAB.pdf"",""Id"":""cf83967e-fdfd-435d-b20f-ca1bbd74a0ee.pdf""}]"
0,2026-04-23 02:25:00.893506+00,2026-04-23 02:25:00.893506+00,570LB : L2 L3 L12 & DETAIL_,fbac4978-0011-4309-be87-1fed2423d4a3,d1e88f46-5b9b-4c5a-8887-fec75e8661ba,2026-04-23 02:30:00+00,891263ab-6d2b-4b94-8e0f-865676f00702,2026-04-23 04:30:00+00,,#7A2E0E,0,khanh.nguyen@rincovitch.com.au,khanh.nguyen@rincovitch.com.au,2026-04-23 07:02:26.667658+00,7b090fb8-670a-4c8d-ad76-6528d4307e9f,2026-04-23 06:55:16.505873+00,0,FALSE,,2026-04-23 04:49:15.750836+00,2026-04-23 02:20:57.54086+00,TRUE,_GA PLAN,"[{""Name"":""260423-570 LT BOURKE-FACADE CONNECTION DETAIL.pdf"",""Id"":""86ecf67d-fddf-48b9-bed1-df3daf31ce51.pdf""}]"
0,2026-04-23 02:14:13.112869+00,2026-04-23 02:14:13.112869+00,580LD : L12 TO RF ,49b1689e-3f4a-4d6c-86a3-ed854b1de706,cc23943c-4f29-43b9-bd43-1b0bedd72fd8,2026-04-23 02:13:00+00,9c8f85da-11c0-4a42-9f0d-999e932b1873,2026-04-23 10:30:00+00,,#FF0080,0,nhan.nguyen@rincovitch.com.au,nhan.nguyen@rincovitch.com.au,2026-04-23 08:04:49.238944+00,,2026-04-23 08:06:05.003691+00,0,FALSE,,2026-04-23 08:06:02.400031+00,2026-04-23 02:17:27.064433+00,FALSE,_GA PLAN,[]
0,2026-04-23 02:13:30.139118+00,2026-04-23 02:13:30.139118+00,570LB : L2 L3 L12 & DETAIL,fbac4978-0011-4309-be87-1fed2423d4a3,1c801c6a-3acb-456e-a579-ce08509fc3df,2026-04-23 02:09:00+00,7b090fb8-670a-4c8d-ad76-6528d4307e9f,2026-04-23 05:30:00+00,,#7A2E0E,0,nhan.nguyen@rincovitch.com.au,nhan.nguyen@rincovitch.com.au,2026-04-23 07:57:08.080118+00,,2026-04-23 07:02:49.671432+00,0,FALSE,,2026-04-23 03:18:10.451906+00,0001-01-01 00:00:00+00,FALSE,_GA PLAN,"[{""Name"":""260423_570LB-L2&3&12-GA PLAN.pdf"",""Id"":""739bfee6-36c7-4fee-b96d-bd89a9c735c4.pdf""},{""Name"":""260423_570LB-FACADE CONNECTION DETAIL.pdf"",""Id"":""07868556-49bb-4251-87e0-1d837e7ea0cc.pdf""}]"
0,2026-04-23 01:56:50.916746+00,2026-04-23 01:56:50.916747+00,MEL02 : L5,9ea343db-e42b-4a99-bd01-ce1ab0158771,dd9f64e9-dc7f-493e-b3e1-9a6de209c4c6,2026-04-23 01:56:00+00,74ea9af2-0d0a-4ec6-af94-52a05a0c18a2,2026-04-23 05:30:00+00,,#1E3A8A,0,cuong.pham@rincovitch.com.au,cuong.pham@rincovitch.com.au,2026-04-23 11:37:41.586826+00,,2026-04-23 10:21:44.436688+00,0,FALSE,,2026-04-23 02:00:06.293862+00,0001-01-01 00:00:00+00,FALSE,,[]
0,2026-04-23 01:52:01.048257+00,2026-04-23 01:52:01.048257+00,MEL02 : L5,9ea343db-e42b-4a99-bd01-ce1ab0158771,8e428aeb-3ef8-4303-aba2-0cb6c1148ff6,2026-04-23 01:51:00+00,1bcc777b-fd86-4d44-bb99-00390621ac3e,2026-04-23 05:30:00+00,,#1E3A8A,0,cuong.pham@rincovitch.com.au,cuong.pham@rincovitch.com.au,2026-04-23 11:39:46.231175+00,,2026-04-23 11:36:13.192532+00,0,FALSE,,2026-04-23 01:57:48.738341+00,0001-01-01 00:00:00+00,FALSE,,[]
0,2026-04-23 01:44:39.326586+00,2026-04-23 01:44:39.326586+00,"MAC : GF-Z4,5",8fd2a544-5521-42e9-8471-4f8de800ce06,8f4db68c-dbcf-4c2f-8e0c-7fa8c79a74ff,2026-04-23 01:44:00+00,b4cf0ea1-1878-4122-b392-74dcc08f44c7,2026-04-23 05:30:00+00,,#7C2D12,0,cuong.pham@rincovitch.com.au,cuong.pham@rincovitch.com.au,2026-04-23 08:00:36.022483+00,,2026-04-23 02:44:26.072999+00,0,FALSE,,2026-04-23 01:54:23.206386+00,0001-01-01 00:00:00+00,FALSE,,[]
0,2026-04-23 01:44:20.312113+00,2026-04-23 01:44:20.312113+00,LEEDS : L4-CD-REO,c66187a1-a97f-4b2f-ba60-aae11cb3d8f6,c1d7b6b5-c453-4a79-a0af-1b286637eec5,2026-04-23 01:44:00+00,0b7c1dc1-c94a-4087-b0b0-c5b68f33e037,2026-04-23 05:30:00+00,,#0F766E,0,cuong.pham@rincovitch.com.au,cuong.pham@rincovitch.com.au,2026-04-23 11:37:37.430192+00,,2026-04-23 09:57:41.2246+00,0,FALSE,,2026-04-23 01:48:51.553859+00,2026-04-23 01:48:49.76929+00,FALSE,,[]
0,2026-04-23 01:43:50.061421+00,2026-04-23 01:43:50.061421+00,LEEDS : L4-CD-PT,c66187a1-a97f-4b2f-ba60-aae11cb3d8f6,3b6de76e-c05c-48d4-8b66-683d9340609b,2026-04-23 01:43:00+00,1b23c7f8-b87f-4763-ae62-08a373a40d61,2026-04-23 05:30:00+00,,#0F766E,0,cuong.pham@rincovitch.com.au,cuong.pham@rincovitch.com.au,2026-04-23 08:00:32.366769+00,,2026-04-23 07:52:12.795209+00,0,FALSE,,2026-04-23 01:54:44.093338+00,0001-01-01 00:00:00+00,FALSE,,[]
0,2026-04-23 01:13:59.292022+00,2026-04-23 01:13:59.292022+00,SYD01 : PILE LAYOUT,bf72b984-9a56-4ffe-9723-0dbc0702e6c2,1c801c6a-3acb-456e-a579-ce08509fc3df,2026-04-23 01:13:00+00,90c4a194-ecaa-465b-bc84-ce5cffac7b0d,2026-04-23 05:30:00+00,,#008000,0,nhan.nguyen@rincovitch.com.au,nhan.nguyen@rincovitch.com.au,2026-04-23 04:04:09.093968+00,,2026-04-23 03:58:45.059607+00,0,FALSE,,2026-04-23 03:17:57.052783+00,2026-04-23 01:33:24.767311+00,FALSE,_SITE RETENTION,"[{""Name"":""260423_SYD01-PILE OVERALL.pdf"",""Id"":""1ae16391-124f-45d7-8508-8e86b637fe15.pdf""}]"
0,2026-04-22 09:29:43.329515+00,2026-04-22 09:29:43.329515+00,LEEDS : L4-BTM,c66187a1-a97f-4b2f-ba60-aae11cb3d8f6,c1d7b6b5-c453-4a79-a0af-1b286637eec5,2026-04-22 09:29:00+00,3bf38ab7-07fc-44bf-b780-25563f082e4b,2026-04-22 10:30:00+00,,#0F766E,0,cuong.pham@rincovitch.com.au,cuong.pham@rincovitch.com.au,2026-04-22 10:38:35.707597+00,,2026-04-22 10:33:21.861165+00,0,FALSE,,2026-04-22 10:20:53.085805+00,2026-04-22 10:20:50.857981+00,FALSE,,[]
0,2026-04-22 09:09:12.683454+00,2026-04-22 09:09:12.683454+00,LEEDS : L4-CD-PT,c66187a1-a97f-4b2f-ba60-aae11cb3d8f6,3b6de76e-c05c-48d4-8b66-683d9340609b,2026-04-22 09:07:00+00,dc14d12f-3a78-480b-bad0-0860797b12af,2026-04-22 10:30:00+00,,#0F766E,0,cuong.pham@rincovitch.com.au,cuong.pham@rincovitch.com.au,2026-04-22 10:37:26.756581+00,,2026-04-22 10:30:19.282673+00,0,FALSE,,2026-04-22 09:09:13.011877+00,0001-01-01 00:00:00+00,FALSE,,[]
0,2026-04-22 08:18:33.636784+00,2026-04-22 08:18:33.636784+00,SYD01 : L2 & L4,bf72b984-9a56-4ffe-9723-0dbc0702e6c2,1c801c6a-3acb-456e-a579-ce08509fc3df,2026-04-22 08:18:00+00,ee19de8c-b4eb-4016-8248-a669d6c5b2d3,2026-04-22 10:30:00+00,,#008000,0,nhan.nguyen@rincovitch.com.au,nhan.nguyen@rincovitch.com.au,2026-04-22 09:14:39.048252+00,,2026-04-22 09:13:46.547847+00,0,FALSE,,2026-04-22 09:01:14.471263+00,0001-01-01 00:00:00+00,FALSE,_LOADING PLAN,"[{""Name"":""260422_SYD01-BUILDING A&B, C&D-L0,L2-LOADING PLAN.pdf"",""Id"":""0d91de9a-a759-435c-a992-3b3279c5ae34.pdf""}]"
0,2026-04-22 06:38:19.140354+00,2026-04-22 06:38:19.140354+00,MAC : L2-5,8fd2a544-5521-42e9-8471-4f8de800ce06,dd9f64e9-dc7f-493e-b3e1-9a6de209c4c6,2026-04-22 06:38:00+00,9b7f6ad4-4ee3-458a-bd14-81e6e98a7075,2026-04-22 10:30:00+00,,#7C2D12,0,cuong.pham@rincovitch.com.au,cuong.pham@rincovitch.com.au,2026-04-22 10:37:21.275708+00,,2026-04-22 10:08:33.818547+00,0,FALSE,,2026-04-22 06:35:06.208993+00,0001-01-01 00:00:00+00,FALSE,,[]
0,2026-04-22 06:38:05.477499+00,2026-04-22 06:38:05.477499+00,MAC : L2-5,8fd2a544-5521-42e9-8471-4f8de800ce06,8e428aeb-3ef8-4303-aba2-0cb6c1148ff6,2026-04-22 06:37:00+00,5763c32d-0025-4b6b-b8b5-3bb542e4d42b,2026-04-22 10:30:00+00,,#7C2D12,0,cuong.pham@rincovitch.com.au,cuong.pham@rincovitch.com.au,2026-04-22 10:37:20.144493+00,,2026-04-22 09:51:04.963391+00,0,FALSE,,2026-04-22 06:43:06.316972+00,0001-01-01 00:00:00+00,FALSE,,[]
0,2026-04-22 06:37:47.642289+00,2026-04-22 06:37:47.642289+00,MAC : L2-5,8fd2a544-5521-42e9-8471-4f8de800ce06,c1d7b6b5-c453-4a79-a0af-1b286637eec5,2026-04-22 06:37:00+00,13ed42f4-c28f-47af-a09c-243210e94a19,2026-04-22 10:30:00+00,,#7C2D12,0,cuong.pham@rincovitch.com.au,cuong.pham@rincovitch.com.au,2026-04-22 10:37:19.441086+00,,2026-04-22 10:20:56.470943+00,0,FALSE,,2026-04-22 06:40:05.172625+00,2026-04-22 06:40:01.088378+00,FALSE,,[]
0,2026-04-22 06:37:34.437724+00,2026-04-22 06:37:34.437724+00,MAC : L2-5,8fd2a544-5521-42e9-8471-4f8de800ce06,8f4db68c-dbcf-4c2f-8e0c-7fa8c79a74ff,2026-04-22 06:37:00+00,da84fb61-561a-4e63-8b2f-8d0779a39cc4,2026-04-22 10:30:00+00,,#7C2D12,0,cuong.pham@rincovitch.com.au,cuong.pham@rincovitch.com.au,2026-04-22 10:37:18.559106+00,,2026-04-22 10:06:01.727377+00,0,FALSE,,2026-04-22 06:38:53.547168+00,0001-01-01 00:00:00+00,FALSE,,[]
0,2026-04-22 05:34:48.521942+00,2026-04-22 05:34:48.521942+00,FGWB : MARKUP,2654fbad-3e30-456e-8ae1-a7c5d0130f5f,1c801c6a-3acb-456e-a579-ce08509fc3df,2026-04-22 05:34:00+00,5e38cf4f-81d7-4f6b-a9e3-82e2711f5bbe,2026-04-22 10:30:00+00,,#0080FF,0,nhan.nguyen@rincovitch.com.au,nhan.nguyen@rincovitch.com.au,2026-04-22 10:41:01.759595+00,,2026-04-22 10:38:07.642474+00,0,FALSE,,2026-04-22 09:40:05.285909+00,2026-04-22 05:36:29.273661+00,FALSE,_GA PLAN,"[{""Name"":""260422_FGWB-FOUNDATION PLAN.pdf"",""Id"":""5310a145-dfd4-43ae-8854-20f84953ec1d.pdf""}]"
0,2026-04-22 04:15:45.660119+00,2026-04-22 04:15:45.660119+00,LEEDS : CHECK,c66187a1-a97f-4b2f-ba60-aae11cb3d8f6,8e428aeb-3ef8-4303-aba2-0cb6c1148ff6,2026-04-22 04:15:00+00,a7c0becc-4a9c-4be0-a38a-3756b025071e,2026-04-22 05:30:00+00,,#0F766E,0,cuong.pham@rincovitch.com.au,cuong.pham@rincovitch.com.au,2026-04-22 06:37:16.297496+00,,2026-04-22 05:43:58.512256+00,0,FALSE,,2026-04-22 04:55:56.374926+00,0001-01-01 00:00:00+00,FALSE,,[]
0,2026-04-22 03:34:34.67257+00,2026-04-22 03:34:34.67257+00,LEEDS : L5-8-PT,c66187a1-a97f-4b2f-ba60-aae11cb3d8f6,3b6de76e-c05c-48d4-8b66-683d9340609b,2026-04-22 03:34:00+00,fde60782-fe19-4a93-b4ca-875712e1e5c9,2026-04-22 05:30:00+00,,#0F766E,0,cuong.pham@rincovitch.com.au,cuong.pham@rincovitch.com.au,2026-04-22 09:07:31.990843+00,,2026-04-22 08:13:52.182422+00,0,FALSE,,2026-04-22 03:34:03.11831+00,0001-01-01 00:00:00+00,FALSE,,[]
0,2026-04-22 03:28:35.047769+00,2026-04-22 03:28:35.047769+00,MEL02 : L2 & L4 ,9ea343db-e42b-4a99-bd01-ce1ab0158771,1c801c6a-3acb-456e-a579-ce08509fc3df,2026-04-22 03:28:00+00,6dbe17e8-3ac4-42ef-8dc5-fc723b27acf1,2026-04-22 05:30:00+00,,#1E3A8A,0,nhan.nguyen@rincovitch.com.au,nhan.nguyen@rincovitch.com.au,2026-04-22 08:18:04.373688+00,,2026-04-22 07:37:02.026452+00,0,FALSE,,2026-04-22 07:36:52.025862+00,2026-04-22 03:29:49.089775+00,FALSE,_LOADING PLAN,"[{""Name"":""image.png"",""Id"":""b6fb8b45-6031-41ce-9a7b-206a3bad6187.png""},{""Name"":""260422_MEL02-GF,L2,L4-LOADING PLAN.pdf"",""Id"":""f03e5900-7c9d-4252-a7d3-921a8cb01fe3.pdf""}]"
0,2026-04-22 02:55:44.159111+00,2026-04-22 02:55:44.159111+00,MAC : L6 TO RF_,8fd2a544-5521-42e9-8471-4f8de800ce06,3ccdf3ed-d6d3-4755-a355-1eaf6689848b,2026-04-22 02:41:00+00,a6a8304c-3d6c-4bb9-be06-6a97ac48ab8b,2026-04-22 05:30:00+00,,#7C2D12,0,nguyen.ly@rincovitch.com.au,nguyen.ly@rincovitch.com.au,2026-04-22 10:44:04.138675+00,2f0b88dc-b4ab-4d07-bece-544231900bd3,2026-04-22 06:53:02.806939+00,0,FALSE,,2026-04-22 05:48:26.342296+00,2026-04-22 02:49:02.836155+00,TRUE,_GA PLAN,"[{""Name"":""2026.04.15 - Shower setdown GA update.pdf"",""Id"":""c5de4814-bdd8-422b-90e5-8cd9aaa73393.pdf""},{""Name"":""260421_MAC-L6 TO RF GA PLANS(Markup).pdf"",""Id"":""321785e6-cd81-4a4f-b4ab-1bddf71d1862.pdf""},{""Name"":""260422_MAC_L2-ROOF_GA PLAN.pdf"",""Id"":""498ac455-9137-4e2a-93e8-a89f37a5208e.pdf""}]"
0,2026-04-22 02:53:16.729456+00,2026-04-22 02:53:16.729457+00,LEEDS : CHECK,c66187a1-a97f-4b2f-ba60-aae11cb3d8f6,8e428aeb-3ef8-4303-aba2-0cb6c1148ff6,2026-04-22 01:52:00+00,35e99e6e-ef39-49b0-a4fd-25d76a14d8f5,2026-04-22 05:30:00+00,,#0F766E,0,cuong.pham@rincovitch.com.au,cuong.pham@rincovitch.com.au,2026-04-22 03:34:23.404206+00,,2026-04-22 03:25:33.34782+00,0,FALSE,,2026-04-22 03:18:05.806422+00,0001-01-01 00:00:00+00,FALSE,,[]
0,2026-04-22 02:41:32.783874+00,2026-04-22 02:41:32.783874+00,MAC : L6 TO RF,8fd2a544-5521-42e9-8471-4f8de800ce06,cc23943c-4f29-43b9-bd43-1b0bedd72fd8,2026-04-22 02:41:00+00,2f0b88dc-b4ab-4d07-bece-544231900bd3,2026-04-22 05:30:00+00,,#7C2D12,0,nhan.nguyen@rincovitch.com.au,nhan.nguyen@rincovitch.com.au,2026-04-22 10:36:44.705955+00,,2026-04-22 07:07:18.462827+00,0,FALSE,,2026-04-22 07:07:16.315508+00,2026-04-22 02:48:13.157258+00,FALSE,_GA PLAN,[]
0,2026-04-22 02:28:43.379477+00,2026-04-22 02:28:43.379477+00,LEEDS : L3-BLD AB-SHEAR,c66187a1-a97f-4b2f-ba60-aae11cb3d8f6,dd9f64e9-dc7f-493e-b3e1-9a6de209c4c6,2026-04-22 02:28:00+00,7f9c1b4b-75af-4b1c-8cbf-3d2b5b3bdacf,2026-04-22 05:30:00+00,,#0F766E,0,cuong.pham@rincovitch.com.au,cuong.pham@rincovitch.com.au,2026-04-22 04:53:09.707424+00,,2026-04-22 04:30:00.92418+00,0,FALSE,,0001-01-01 00:00:00+00,0001-01-01 00:00:00+00,FALSE,,[]
0,2026-04-22 02:19:28.445471+00,2026-04-22 02:19:28.445471+00,LEEDS : NEW TASK,c66187a1-a97f-4b2f-ba60-aae11cb3d8f6,3b6de76e-c05c-48d4-8b66-683d9340609b,2026-04-22 02:19:00+00,7d1783b8-4b86-4c97-aff4-42a725064e5a,2026-04-22 05:30:00+00,,#0F766E,0,cuong.pham@rincovitch.com.au,cuong.pham@rincovitch.com.au,2026-04-22 03:34:22.863803+00,,2026-04-22 03:32:16.767799+00,0,FALSE,,2026-04-22 02:20:15.545482+00,0001-01-01 00:00:00+00,FALSE,,[]
0,2026-04-22 02:19:16.769117+00,2026-04-22 02:19:16.769117+00,LEEDS : NEW TASK,c66187a1-a97f-4b2f-ba60-aae11cb3d8f6,dd9f64e9-dc7f-493e-b3e1-9a6de209c4c6,2026-04-22 02:19:00+00,d786f9d2-60db-4a65-96f5-ec0626144a2f,2026-04-22 05:30:00+00,,#0F766E,0,cuong.pham@rincovitch.com.au,cuong.pham@rincovitch.com.au,2026-04-22 02:28:20.85404+00,,2026-04-22 02:16:48.503955+00,0,FALSE,,2026-04-22 02:15:36.032033+00,0001-01-01 00:00:00+00,FALSE,,[]
0,2026-04-22 01:39:14.636246+00,2026-04-22 01:39:14.636246+00,LEEDS : L4-PT,c66187a1-a97f-4b2f-ba60-aae11cb3d8f6,8f4db68c-dbcf-4c2f-8e0c-7fa8c79a74ff,2026-04-22 01:38:00+00,0f292bc9-2fe3-4f90-9bda-8c141a0c3785,2026-04-22 05:30:00+00,,#0F766E,0,cuong.pham@rincovitch.com.au,cuong.pham@rincovitch.com.au,2026-04-22 06:37:15.135729+00,,2026-04-22 04:13:38.652468+00,0,FALSE,,2026-04-22 01:37:37.284126+00,0001-01-01 00:00:00+00,FALSE,,[]
0,2026-04-22 01:35:48.359062+00,2026-04-22 01:35:48.359062+00,DLD : L4,f6ccfd82-347a-4a70-83c7-bb1e6efbae54,c1d7b6b5-c453-4a79-a0af-1b286637eec5,2026-04-22 01:35:00+00,7d51c9e2-23db-4df4-a62e-449677cc0bee,2026-04-22 05:30:00+00,,#1E293B,0,cuong.pham@rincovitch.com.au,cuong.pham@rincovitch.com.au,2026-04-22 04:40:16.086724+00,,2026-04-22 03:38:05.61736+00,0,FALSE,,2026-04-22 01:32:18.850918+00,2026-04-22 01:32:16.92509+00,FALSE,,[]
0,2026-04-21 08:29:04.755542+00,2026-04-21 08:29:04.755542+00,DLD : NEW TASK,f6ccfd82-347a-4a70-83c7-bb1e6efbae54,c1d7b6b5-c453-4a79-a0af-1b286637eec5,2026-04-21 08:28:00+00,734ba53b-8713-44df-8c67-3e263df461d2,2026-04-21 10:30:00+00,,#1E293B,0,cuong.pham@rincovitch.com.au,cuong.pham@rincovitch.com.au,2026-04-21 11:29:50.266733+00,,2026-04-21 09:24:07.142183+00,0,FALSE,,2026-04-21 08:27:19.263755+00,2026-04-21 08:27:15.686537+00,FALSE,,[]
0,2026-04-21 07:49:27.474246+00,2026-04-21 07:49:27.474246+00,DLD : L4-PT,f6ccfd82-347a-4a70-83c7-bb1e6efbae54,8e428aeb-3ef8-4303-aba2-0cb6c1148ff6,2026-04-21 07:49:00+00,2f00cb50-02a5-4650-8852-3cfc3f55fb38,2026-04-21 10:30:00+00,,#1E293B,0,cuong.pham@rincovitch.com.au,cuong.pham@rincovitch.com.au,2026-04-21 11:29:47.952312+00,,2026-04-21 11:27:49.870131+00,0,FALSE,,2026-04-21 07:48:02.290302+00,0001-01-01 00:00:00+00,FALSE,,[]
0,2026-04-21 07:20:29.666088+00,2026-04-21 07:20:29.666089+00,DLD : L4-PT,f6ccfd82-347a-4a70-83c7-bb1e6efbae54,8f4db68c-dbcf-4c2f-8e0c-7fa8c79a74ff,2026-04-21 07:20:00+00,aab82887-8af5-4a58-b8ed-28ba201994a4,2026-04-21 10:30:00+00,,#1E293B,0,cuong.pham@rincovitch.com.au,cuong.pham@rincovitch.com.au,2026-04-21 11:29:45.198966+00,,2026-04-21 11:17:02.891466+00,0,FALSE,,2026-04-21 08:15:49.860912+00,0001-01-01 00:00:00+00,FALSE,,[]
0,2026-04-21 04:31:14.849646+00,2026-04-21 04:31:14.849646+00,FGWB : MARKUP R3,2654fbad-3e30-456e-8ae1-a7c5d0130f5f,1c801c6a-3acb-456e-a579-ce08509fc3df,2026-04-21 04:30:00+00,26e3778d-a38e-400a-bbc2-c614bdd2a380,2026-04-21 10:30:00+00,,#0080FF,0,nhan.nguyen@rincovitch.com.au,nhan.nguyen@rincovitch.com.au,2026-04-21 08:08:15.7168+00,,2026-04-21 07:41:52.831683+00,0,FALSE,,2026-04-21 07:41:33.528282+00,2026-04-21 04:33:26.831787+00,FALSE,_GA PLAN,"[{""Name"":""260420_FGWB-GA PLANS - backdrafting comments.pdf"",""Id"":""19aec96e-1ec5-452f-adb7-470ca50b77fe.pdf""},{""Name"":""260421_FGWB-GA PLAN.pdf"",""Id"":""797fcc4b-a8f6-41ad-8332-acf136cbdc1d.pdf""}]"
0,2026-04-21 03:42:55.921993+00,2026-04-21 03:42:55.921993+00,LEEDS : L2 ABCD,c66187a1-a97f-4b2f-ba60-aae11cb3d8f6,3b6de76e-c05c-48d4-8b66-683d9340609b,2026-04-21 03:42:00+00,a78fdb9f-54c8-492a-a019-df7d38988853,2026-04-21 05:30:00+00,,#0F766E,0,cuong.pham@rincovitch.com.au,cuong.pham@rincovitch.com.au,2026-04-21 11:29:56.970508+00,,2026-04-21 09:17:31.991872+00,0,FALSE,,2026-04-21 03:44:32.408017+00,0001-01-01 00:00:00+00,FALSE,,[]
0,2026-04-21 02:48:52.121618+00,2026-04-21 02:48:52.121618+00,SPRINGVALE : MARKUP R2,1dad69c5-0f93-4701-8cdc-0053a0d40b4e,e5feabe4-bee1-4f40-9b79-5598ab2e7fc4,2026-04-21 02:48:00+00,81f383e9-5b12-4550-99b1-7cceed0e497f,2026-04-21 05:30:00+00,,#FF8040,0,nguyen.ly@rincovitch.com.au,nguyen.ly@rincovitch.com.au,2026-04-21 10:43:02.636796+00,,2026-04-21 10:46:41.152421+00,0,FALSE,,2026-04-21 10:46:39.071104+00,2026-04-21 02:54:22.883038+00,FALSE,,[]
0,2026-04-21 02:38:44.074481+00,2026-04-21 02:38:44.074481+00,DLD : L4_SECTION,f6ccfd82-347a-4a70-83c7-bb1e6efbae54,e5feabe4-bee1-4f40-9b79-5598ab2e7fc4,2026-04-21 02:28:00+00,fb4e1f6d-047e-4577-beb1-ba494b7810d0,2026-04-21 05:30:00+00,,#1E293B,0,khanh.nguyen@rincovitch.com.au,khanh.nguyen@rincovitch.com.au,2026-04-21 08:50:26.199117+00,f36f4e98-00f6-49e8-8e3a-4b1dcacdb287,2026-04-21 07:50:11.530786+00,0,FALSE,,2026-04-21 02:45:38.957562+00,2026-04-21 02:45:31.729373+00,TRUE,_GA PLAN,"[{""Name"":""260421_DLD-SECTION DETAIL LEVEL 4.pdf"",""Id"":""dbe88ca3-e26b-44bc-a6b8-f1a3e2203b01.pdf""}]"
0,2026-04-21 02:29:11.185142+00,2026-04-21 02:29:11.185142+00,DLD : L4,f6ccfd82-347a-4a70-83c7-bb1e6efbae54,1c801c6a-3acb-456e-a579-ce08509fc3df,2026-04-21 02:28:00+00,f36f4e98-00f6-49e8-8e3a-4b1dcacdb287,2026-04-21 10:30:00+00,,#1E293B,0,nhan.nguyen@rincovitch.com.au,nhan.nguyen@rincovitch.com.au,2026-04-21 10:50:21.077629+00,,2026-04-21 10:32:58.212002+00,0,FALSE,,2026-04-21 02:44:01.57246+00,0001-01-01 00:00:00+00,FALSE,_GA PLAN,"[{""Name"":""260421_DLD-L4-GA.pdf"",""Id"":""5a2d2ba2-e1a9-40cd-ac6b-404e6e364b0f.pdf""}]"
0,2026-04-21 02:07:38.60606+00,2026-04-21 02:07:38.60606+00,MEL02 : NEW TASK,9ea343db-e42b-4a99-bd01-ce1ab0158771,3b6de76e-c05c-48d4-8b66-683d9340609b,2026-04-21 02:07:00+00,2fad390e-684c-42be-a552-5e23a5b09ea4,2026-04-21 05:30:00+00,,#1E3A8A,0,cuong.pham@rincovitch.com.au,cuong.pham@rincovitch.com.au,2026-04-21 03:42:43.109827+00,,2026-04-21 03:40:50.682187+00,0,FALSE,,2026-04-21 02:07:03.675124+00,0001-01-01 00:00:00+00,FALSE,,[]
0,2026-04-21 02:06:00.890455+00,2026-04-21 02:06:00.890455+00,LEEDS : BLD AB-L4-8,c66187a1-a97f-4b2f-ba60-aae11cb3d8f6,dd9f64e9-dc7f-493e-b3e1-9a6de209c4c6,2026-04-21 02:05:00+00,6721e0db-b2eb-4f1b-b89f-737e4bdd3e1f,2026-04-21 05:30:00+00,,#0F766E,0,cuong.pham@rincovitch.com.au,cuong.pham@rincovitch.com.au,2026-04-21 11:29:54.84567+00,,2026-04-21 08:49:28.997929+00,0,FALSE,,2026-04-21 02:03:52.220295+00,0001-01-01 00:00:00+00,FALSE,,[]
0,2026-04-21 01:59:02.534767+00,2026-04-21 01:59:02.534767+00,LEEDS : L3,c66187a1-a97f-4b2f-ba60-aae11cb3d8f6,c1d7b6b5-c453-4a79-a0af-1b286637eec5,2026-04-21 01:58:00+00,b8fcac9a-09b4-4f7c-a028-5461b852f3e3,2026-04-21 05:30:00+00,,#0F766E,0,cuong.pham@rincovitch.com.au,cuong.pham@rincovitch.com.au,2026-04-21 11:29:52.725819+00,,2026-04-21 08:01:24.466329+00,0,FALSE,,2026-04-21 01:54:28.008106+00,2026-04-21 01:54:07.136575+00,FALSE,,[]
0,2026-04-21 01:55:07.925677+00,2026-04-21 01:55:07.925678+00,DLD : L4,f6ccfd82-347a-4a70-83c7-bb1e6efbae54,8e428aeb-3ef8-4303-aba2-0cb6c1148ff6,2026-04-21 01:54:00+00,d0207a1a-daaa-4fbe-abd9-5049238c0f09,2026-04-21 05:30:00+00,,#1E293B,0,cuong.pham@rincovitch.com.au,cuong.pham@rincovitch.com.au,2026-04-21 11:29:44.709262+00,,2026-04-21 07:32:09.04047+00,0,FALSE,,2026-04-21 02:01:55.496329+00,0001-01-01 00:00:00+00,FALSE,,[]
0,2026-04-21 01:49:19.795745+00,2026-04-21 01:49:19.795745+00,DLD : L4,f6ccfd82-347a-4a70-83c7-bb1e6efbae54,8f4db68c-dbcf-4c2f-8e0c-7fa8c79a74ff,2026-04-21 01:49:00+00,889d2d7d-20fe-4150-8408-c8ec5889db65,2026-04-21 05:30:00+00,,#1E293B,0,cuong.pham@rincovitch.com.au,cuong.pham@rincovitch.com.au,2026-04-21 11:29:41.439196+00,,2026-04-21 07:16:34.803091+00,0,FALSE,,2026-04-21 01:48:09.03359+00,0001-01-01 00:00:00+00,FALSE,,[]
0,2026-04-20 09:54:06.985284+00,2026-04-20 09:54:06.985284+00,LEEDS : NEW TASK,c66187a1-a97f-4b2f-ba60-aae11cb3d8f6,8e428aeb-3ef8-4303-aba2-0cb6c1148ff6,2026-04-20 09:53:00+00,d2f43b99-eacf-4fb1-a19c-4313d8056b59,2026-04-20 10:30:00+00,,#0F766E,0,cuong.pham@rincovitch.com.au,cuong.pham@rincovitch.com.au,2026-04-20 10:05:46.523565+00,,2026-04-20 10:02:27.02667+00,0,FALSE,,2026-04-20 10:01:47.74018+00,0001-01-01 00:00:00+00,FALSE,,[]
0,2026-04-20 09:21:31.731052+00,2026-04-20 09:21:31.731052+00,MEL02 : NEW TASK,9ea343db-e42b-4a99-bd01-ce1ab0158771,8f4db68c-dbcf-4c2f-8e0c-7fa8c79a74ff,2026-04-20 09:21:00+00,86de85ea-aca7-4751-8923-c55cda0913b9,2026-04-20 10:30:00+00,,#1E3A8A,0,cuong.pham@rincovitch.com.au,cuong.pham@rincovitch.com.au,2026-04-21 01:38:56.27981+00,,2026-04-21 01:29:18.864617+00,0,FALSE,,2026-04-20 09:41:32.357028+00,0001-01-01 00:00:00+00,FALSE,,[]
0,2026-04-20 08:04:26.127376+00,2026-04-20 08:04:26.127376+00,MEL02 : L2-B,9ea343db-e42b-4a99-bd01-ce1ab0158771,c1d7b6b5-c453-4a79-a0af-1b286637eec5,2026-04-20 08:04:00+00,427c6784-4669-4997-9cd1-cb14a28037d5,2026-04-20 10:30:00+00,,#1E3A8A,0,cuong.pham@rincovitch.com.au,cuong.pham@rincovitch.com.au,2026-04-20 10:48:00.431132+00,,2026-04-20 10:37:00.940868+00,0,FALSE,,2026-04-20 07:59:46.26316+00,2026-04-20 07:59:44.359346+00,FALSE,,[]
0,2026-04-20 07:21:09.715182+00,2026-04-20 07:21:09.715182+00,RIVER TERRACE : MARKUP R2,f3760566-34c3-43f7-87b3-25afcaf832fd,1c801c6a-3acb-456e-a579-ce08509fc3df,2026-04-20 07:20:00+00,bbebd18a-ccf7-450e-a230-165fdd43825d,2026-04-20 10:30:00+00,,#8000FF,0,nhan.nguyen@rincovitch.com.au,nhan.nguyen@rincovitch.com.au,2026-04-20 07:42:28.891597+00,,2026-04-20 07:39:24.117553+00,0,FALSE,,2026-04-20 07:39:11.886935+00,0001-01-01 00:00:00+00,FALSE,_GA PLAN,"[{""Name"":""260420_RIVER TERRACE-GA PLAN 1.pdf"",""Id"":""9892ec8d-7f81-4bd9-bcb2-50eaefc49e64.pdf""},{""Name"":""260420_RIVER TERRACE-GA PLAN.pdf"",""Id"":""457bdfa1-a205-4a2e-b587-aff757b91740.pdf""}]"
0,2026-04-20 07:14:40.704623+00,2026-04-20 07:14:40.704623+00,MEL02 : L3,9ea343db-e42b-4a99-bd01-ce1ab0158771,c1d7b6b5-c453-4a79-a0af-1b286637eec5,2026-04-20 07:14:00+00,a2fd065a-e0f4-4ff1-8344-9aa7dd94e74f,2026-04-20 10:30:00+00,,#1E3A8A,0,cuong.pham@rincovitch.com.au,cuong.pham@rincovitch.com.au,2026-04-20 08:43:50.634656+00,,2026-04-20 07:42:55.920162+00,0,FALSE,,2026-04-20 07:10:10.886347+00,2026-04-20 07:10:07.608254+00,FALSE,,[]
0,2026-04-20 04:21:56.457155+00,2026-04-20 04:21:56.457155+00,CROWN MEL : MARKUP,4b8c966e-a72a-4828-8747-69acc707378c,cc23943c-4f29-43b9-bd43-1b0bedd72fd8,2026-04-20 04:21:00+00,96ef984c-a4af-4030-8cd1-812bff4bb3a5,2026-04-20 10:30:00+00,,#7F1D1D,0,nhan.nguyen@rincovitch.com.au,nhan.nguyen@rincovitch.com.au,2026-04-20 08:26:48.844619+00,,2026-04-20 08:12:04.504016+00,0,FALSE,,2026-04-20 05:12:09.214447+00,2026-04-20 05:12:04.98964+00,FALSE,_GA PLAN,[]
0,2026-04-20 02:51:39.816498+00,2026-04-20 02:51:39.816498+00,SURF PARADE : MARKUP_,9a7aa637-89cb-4036-9acd-e013f470ab9b,d1e88f46-5b9b-4c5a-8887-fec75e8661ba,2026-04-20 01:21:00+00,4b1fb4bf-4a95-465b-887c-39de49e5332b,2026-04-20 10:30:00+00,,#075985,0,nguyen.ly@rincovitch.com.au,nguyen.ly@rincovitch.com.au,2026-04-22 02:51:32.250855+00,713af0dc-d368-4350-905c-65fd4e435293,2026-04-22 02:17:34.385939+00,0,FALSE,,2026-04-22 02:17:32.259211+00,2026-04-20 03:04:36.074343+00,FALSE,_GA PLAN,"[{""Name"":""2026.04.10 - FullSet Markup 1.pdf"",""Id"":""bb623a1c-d335-460a-b46f-0852984516a2.pdf""}]"
0,2026-04-20 02:46:36.474201+00,2026-04-20 02:46:36.474201+00,MEL02 : L4,9ea343db-e42b-4a99-bd01-ce1ab0158771,3b6de76e-c05c-48d4-8b66-683d9340609b,2026-04-20 02:46:00+00,7e6b8a9e-32f5-4b6c-a52c-edcfb72678cf,2026-04-20 05:30:00+00,,#1E3A8A,0,cuong.pham@rincovitch.com.au,cuong.pham@rincovitch.com.au,2026-04-20 10:47:59.725689+00,,2026-04-20 10:17:04.881807+00,0,FALSE,,2026-04-20 02:45:56.270039+00,0001-01-01 00:00:00+00,FALSE,,[]
0,2026-04-20 02:38:52.497644+00,2026-04-20 02:38:52.497644+00,SPRINGVALE : MARKUP_,1dad69c5-0f93-4701-8cdc-0053a0d40b4e,3ccdf3ed-d6d3-4755-a355-1eaf6689848b,2026-04-20 02:30:00+00,f218e932-a81b-4337-bc3d-58df611962da,2026-04-20 10:30:00+00,,#FF8040,0,nguyen.ly@rincovitch.com.au,nguyen.ly@rincovitch.com.au,2026-04-22 02:51:31.178298+00,ddd55e0a-1f7d-4548-9098-5d613e022c14,2026-04-22 02:40:23.938602+00,0,FALSE,,2026-04-20 02:51:31.442284+00,2026-04-20 02:50:30.423103+00,FALSE,_GA PLAN,"[{""Name"":""2026.04.16 - Markup (CHECKED BY QUAN).pdf"",""Id"":""a0b70302-e04e-47a3-928a-7e8b956b2016.pdf""},{""Name"":""260420_150 SPRINGVALE_GA PLAN.pdf"",""Id"":""a82e8c8f-6dd8-4fde-934b-a6f8dcb23444.pdf""}]"
0,2026-04-20 02:22:47.159185+00,2026-04-20 02:22:47.159185+00,FGWB : MARKUP_CONTINUE,2654fbad-3e30-456e-8ae1-a7c5d0130f5f,e5feabe4-bee1-4f40-9b79-5598ab2e7fc4,2026-04-20 02:30:00+00,c94ff6a9-4daf-4971-bb31-89adb35751fd,2026-04-20 09:30:00+00,,#0080FF,0,khanh.nguyen@rincovitch.com.au,khanh.nguyen@rincovitch.com.au,2026-04-20 11:56:50.72965+00,d6af3811-00a7-4567-9c7f-c1053f6dc0db,2026-04-20 11:49:10.251435+00,0,FALSE,,2026-04-20 02:35:51.020436+00,2026-04-20 02:35:15.872906+00,TRUE,_GA PLAN,"[{""Name"":""260420_FGWB-GA PLAN.pdf"",""Id"":""7dcd90c2-a77a-4125-a364-8ca4e89a9927.pdf""}]"
0,2026-04-20 01:53:16.473774+00,2026-04-20 01:53:16.473774+00,MEL02 : L4,9ea343db-e42b-4a99-bd01-ce1ab0158771,dd9f64e9-dc7f-493e-b3e1-9a6de209c4c6,2026-04-20 01:52:00+00,c9b0a0b7-9b0c-4555-89ae-185d6fdb1593,2026-04-20 05:30:00+00,,#1E3A8A,0,cuong.pham@rincovitch.com.au,cuong.pham@rincovitch.com.au,2026-04-20 10:47:59.201113+00,,2026-04-20 10:14:12.331319+00,0,FALSE,,2026-04-20 01:56:18.298701+00,0001-01-01 00:00:00+00,FALSE,,[]
0,2026-04-20 01:47:02.859146+00,2026-04-20 01:47:02.859147+00,DLD : L4-TRANSFER-PT,f6ccfd82-347a-4a70-83c7-bb1e6efbae54,8e428aeb-3ef8-4303-aba2-0cb6c1148ff6,2026-04-20 01:46:00+00,efad8f7a-be2c-4e1b-b6e1-2d723b026284,2026-04-20 05:30:00+00,,#1E293B,0,cuong.pham@rincovitch.com.au,cuong.pham@rincovitch.com.au,2026-04-20 09:13:10.043463+00,,2026-04-20 09:00:32.11432+00,0,FALSE,,2026-04-20 02:42:55.295322+00,0001-01-01 00:00:00+00,FALSE,,[]
0,2026-04-20 01:43:04.355708+00,2026-04-20 01:43:04.355708+00,MEL02 : L3,9ea343db-e42b-4a99-bd01-ce1ab0158771,8f4db68c-dbcf-4c2f-8e0c-7fa8c79a74ff,2026-04-20 01:42:00+00,d030da19-bf42-4b09-80e9-3676965fd04d,2026-04-20 05:30:00+00,,#1E3A8A,0,cuong.pham@rincovitch.com.au,cuong.pham@rincovitch.com.au,2026-04-20 08:43:49.302661+00,,2026-04-20 07:44:39.548821+00,0,FALSE,,2026-04-20 01:42:39.325711+00,0001-01-01 00:00:00+00,FALSE,,[]
0,2026-04-20 01:42:43.585174+00,2026-04-20 01:42:43.585174+00,MEL02 : L2,9ea343db-e42b-4a99-bd01-ce1ab0158771,c1d7b6b5-c453-4a79-a0af-1b286637eec5,2026-04-20 01:42:00+00,83ccad87-aaaf-4ce7-af2e-eef41861d087,2026-04-20 05:30:00+00,,#1E3A8A,0,cuong.pham@rincovitch.com.au,cuong.pham@rincovitch.com.au,2026-04-20 07:14:28.512428+00,,2026-04-20 04:38:49.268686+00,0,FALSE,,2026-04-20 01:42:28.900292+00,2026-04-20 01:42:22.196902+00,FALSE,,[]
0,2026-04-20 01:23:12.73464+00,2026-04-20 01:23:12.73464+00,SPRINGVALE : MARKUP,1dad69c5-0f93-4701-8cdc-0053a0d40b4e,cc23943c-4f29-43b9-bd43-1b0bedd72fd8,2026-04-20 01:22:00+00,ddd55e0a-1f7d-4548-9098-5d613e022c14,2026-04-21 10:30:00+00,,#FF8040,0,nhan.nguyen@rincovitch.com.au,nhan.nguyen@rincovitch.com.au,2026-04-21 02:47:18.054887+00,,2026-04-21 02:49:55.947764+00,0,FALSE,,2026-04-21 02:48:04.153666+00,2026-04-20 02:33:57.98862+00,FALSE,_GA PLAN,"[{""Name"":""2026.04.16 - Markup (1).pdf"",""Id"":""eef149d1-0a35-4d77-affc-89fcefc609c7.pdf""}]"
0,2026-04-20 01:22:21.405496+00,2026-04-20 01:22:21.405496+00,SURF PARADE : MARKUP,9a7aa637-89cb-4036-9acd-e013f470ab9b,cc23943c-4f29-43b9-bd43-1b0bedd72fd8,2026-04-20 01:21:00+00,713af0dc-d368-4350-905c-65fd4e435293,2026-04-20 10:30:00+00,,#075985,0,nhan.nguyen@rincovitch.com.au,nhan.nguyen@rincovitch.com.au,2026-04-21 10:30:08.425339+00,,2026-04-21 10:20:50.123029+00,0,FALSE,,2026-04-21 02:54:24.644508+00,2026-04-20 02:33:58.814244+00,FALSE,_GA PLAN,"[{""Name"":""2026.04.10 - FullSet Markup 1.pdf"",""Id"":""bb623a1c-d335-460a-b46f-0852984516a2.pdf""}]"
0,2026-04-20 01:21:09.22458+00,2026-04-20 01:21:09.22458+00,FGWB : MARKUP,2654fbad-3e30-456e-8ae1-a7c5d0130f5f,1c801c6a-3acb-456e-a579-ce08509fc3df,2026-04-20 01:20:00+00,d6af3811-00a7-4567-9c7f-c1053f6dc0db,2026-04-20 10:30:00+00,,#0080FF,0,nhan.nguyen@rincovitch.com.au,nhan.nguyen@rincovitch.com.au,2026-04-21 01:28:39.385501+00,,2026-04-20 11:56:56.372361+00,0,FALSE,,2026-04-20 11:56:53.477657+00,0001-01-01 00:00:00+00,FALSE,_GA PLAN,[]
0,2026-04-20 01:20:14.831757+00,2026-04-20 01:20:14.831757+00,RIVER TERRACE : MARKUP,f3760566-34c3-43f7-87b3-25afcaf832fd,1c801c6a-3acb-456e-a579-ce08509fc3df,2026-04-20 01:19:00+00,c91c84de-4e98-44d5-8bf4-11a7fd40bd83,2026-04-20 07:00:00+00,DEADLINE 2H,#8000FF,0,nhan.nguyen@rincovitch.com.au,nhan.nguyen@rincovitch.com.au,2026-04-20 07:03:30.662119+00,,2026-04-20 05:25:02.068264+00,0,FALSE,,2026-04-20 04:19:25.304801+00,0001-01-01 00:00:00+00,FALSE,_GA PLAN,"[{""Name"":""260420_RIVER TERRACE-GA PLAN_Checked By NN.pdf"",""Id"":""054904fd-86e7-427b-965f-f9ec7a0fc0ad.pdf""},{""Name"":""260420_RIVER TERRACE-GA PLAN.pdf"",""Id"":""8a21a342-c967-464d-a9fb-3c5e9a516059.pdf""}]"
